{"data": [{"Properties": {"name": "NORTHPOLE-NPDC01-CA@NORTHPOLE.LOCAL", "highvalue": false, "CA Name": "northpole-npdc01-CA", "DNS Name": "npdc01.northpole.local", "Certificate Subject": "CN=northpole-npdc01-CA, DC=northpole, DC=local", "Certificate Serial Number": "20FD42CE45230A9240182C3AFEFE0E32", "Certificate Validity Start": "2023-12-17 01:06:31+00:00", "Certificate Validity End": "2028-12-17 01:16:30+00:00", "Web Enrollment": "Disabled", "User Specified SAN": "Disabled", "Request Disposition": "Issue", "Enforce Encryption for Requests": "Enabled", "domain": "NORTHPOLE.LOCAL"}, "ObjectIdentifier": "fc373839-59df-4155-bcf1-db562544a7e6", "Aces": [{"PrincipalSID": "NORTHPOLE.LOCAL-S-1-5-32-544", "PrincipalType": "Group", "RightName": "Owns", "IsInherited": false}, {"PrincipalSID": "NORTHPOLE.LOCAL-S-1-5-32-544", "PrincipalType": "Group", "RightName": "ManageCertificates", "IsInherited": false}, {"PrincipalSID": "NORTHPOLE.LOCAL-S-1-5-32-544", "PrincipalType": "Group", "RightName": "ManageCa", "IsInherited": false}, {"PrincipalSID": "S-1-5-21-1338289034-4095587347-713453443-512", "PrincipalType": "Group", "RightName": "ManageCertificates", "IsInherited": false}, {"PrincipalSID": "S-1-5-21-1338289034-4095587347-713453443-512", "PrincipalType": "Group", "RightName": "ManageCa", "IsInherited": false}, {"PrincipalSID": "S-1-5-21-1338289034-4095587347-713453443-519", "PrincipalType": "Group", "RightName": "ManageCertificates", "IsInherited": false}, {"PrincipalSID": "S-1-5-21-1338289034-4095587347-713453443-519", "PrincipalType": "Group", "RightName": "ManageCa", "IsInherited": false}, {"PrincipalSID": "NORTHPOLE.LOCAL-S-1-5-11", "PrincipalType": "Group", "RightName": "Enroll", "IsInherited": false}]}], "meta": {"count": 1, "type": "cas", "version": 4}}