{"data": [{"Properties": {"name": "NORTHPOLEUSERS@NORTHPOLE.LOCAL", "highvalue": true, "Template Name": "NorthPoleUsers", "Display Name": "NorthPoleUsers", "Certificate Authorities": ["northpole-npdc01-CA"], "Enabled": true, "Client Authentication": true, "Enrollment Agent": false, "Any Purpose": false, "Enrollee Supplies Subject": true, "Certificate Name Flag": ["EnrolleeSuppliesSubject"], "Enrollment Flag": ["PublishToDs", "IncludeSymmetricAlgorithms"], "Private Key Flag": ["ExportableKey"], "Extended Key Usage": ["Encrypting File System", "Secure Email", "Client Authentication"], "Requires Manager Approval": false, "Requires Key Archival": false, "Authorized Signatures Required": 0, "Validity Period": "1 year", "Renewal Period": "6 weeks", "Minimum RSA Key Length": 2048, "domain": "NORTHPOLE.LOCAL"}, "ObjectIdentifier": "1a7e5e74-a866-4155-b824-78c90c2dbd65", "Aces": [{"PrincipalSID": "S-1-5-21-1338289034-4095587347-713453443-519", "PrincipalType": "Group", "RightName": "Owns", "IsInherited": false}, {"PrincipalSID": "S-1-5-21-1338289034-4095587347-713453443-512", "PrincipalType": "Group", "RightName": "WriteOwner", "IsInherited": false}, {"PrincipalSID": "S-1-5-21-1338289034-4095587347-713453443-512", "PrincipalType": "Group", "RightName": "WriteDacl", "IsInherited": false}, {"PrincipalSID": "S-1-5-21-1338289034-4095587347-713453443-512", "PrincipalType": "Group", "RightName": "WriteProperty", "IsInherited": false}, {"PrincipalSID": "S-1-5-21-1338289034-4095587347-713453443-512", "PrincipalType": "Group", "RightName": "Enroll", "IsInherited": false}, {"PrincipalSID": "S-1-5-21-1338289034-4095587347-713453443-513", "PrincipalType": "Group", "RightName": "Enroll", "IsInherited": false}, {"PrincipalSID": "S-1-5-21-1338289034-4095587347-713453443-519", "PrincipalType": "Group", "RightName": "WriteOwner", "IsInherited": false}, {"PrincipalSID": "S-1-5-21-1338289034-4095587347-713453443-519", "PrincipalType": "Group", "RightName": "WriteDacl", "IsInherited": false}, {"PrincipalSID": "S-1-5-21-1338289034-4095587347-713453443-519", "PrincipalType": "Group", "RightName": "WriteProperty", "IsInherited": false}, {"PrincipalSID": "S-1-5-21-1338289034-4095587347-713453443-519", "PrincipalType": "Group", "RightName": "Enroll", "IsInherited": false}], "cas_ids": ["fc373839-59df-4155-bcf1-db562544a7e6"]}, {"Properties": {"name": "KERBEROSAUTHENTICATION@NORTHPOLE.LOCAL", "highvalue": false, "Template Name": "KerberosAuthentication", "Display Name": "Kerberos Authentication", "Certificate Authorities": ["northpole-npdc01-CA"], "Enabled": true, "Client Authentication": true, "Enrollment Agent": false, "Any Purpose": false, "Enrollee Supplies Subject": false, "Certificate Name Flag": ["SubjectAltRequireDns", "SubjectAltRequireDomainDns"], "Enrollment Flag": ["AutoEnrollment"], "Private Key Flag": ["AttestNone"], "Extended Key Usage": ["Client Authentication", "Server Authentication", "Smart Card Logon", "KDC Authentication"], "Requires Manager Approval": false, "Requires Key Archival": false, "Authorized Signatures Required": 0, "Validity Period": "1 year", "Renewal Period": "6 weeks", "Minimum RSA Key Length": 2048, "domain": "NORTHPOLE.LOCAL"}, "ObjectIdentifier": "2f5cc83e-4011-446d-9570-9b8e3a147a3d", "Aces": [{"PrincipalSID": "S-1-5-21-1338289034-4095587347-713453443-519", "PrincipalType": "Group", "RightName": "Owns", "IsInherited": false}, {"PrincipalSID": "S-1-5-21-1338289034-4095587347-713453443-498", "PrincipalType": "Group", "RightName": "Enroll", "IsInherited": false}, {"PrincipalSID": "S-1-5-21-1338289034-4095587347-713453443-498", "PrincipalType": "Group", "RightName": "AutoEnroll", "IsInherited": false}, {"PrincipalSID": "S-1-5-21-1338289034-4095587347-713453443-512", "PrincipalType": "Group", "RightName": "WriteOwner", "IsInherited": false}, {"PrincipalSID": "S-1-5-21-1338289034-4095587347-713453443-512", "PrincipalType": "Group", "RightName": "WriteDacl", "IsInherited": false}, {"PrincipalSID": "S-1-5-21-1338289034-4095587347-713453443-512", "PrincipalType": "Group", "RightName": "WriteProperty", "IsInherited": false}, {"PrincipalSID": "S-1-5-21-1338289034-4095587347-713453443-512", "PrincipalType": "Group", "RightName": "Enroll", "IsInherited": false}, {"PrincipalSID": "S-1-5-21-1338289034-4095587347-713453443-516", "PrincipalType": "Group", "RightName": "Enroll", "IsInherited": false}, {"PrincipalSID": "S-1-5-21-1338289034-4095587347-713453443-516", "PrincipalType": "Group", "RightName": "AutoEnroll", "IsInherited": false}, {"PrincipalSID": "S-1-5-21-1338289034-4095587347-713453443-519", "PrincipalType": "Group", "RightName": "WriteOwner", "IsInherited": false}, {"PrincipalSID": "S-1-5-21-1338289034-4095587347-713453443-519", "PrincipalType": "Group", "RightName": "WriteDacl", "IsInherited": false}, {"PrincipalSID": "S-1-5-21-1338289034-4095587347-713453443-519", "PrincipalType": "Group", "RightName": "WriteProperty", "IsInherited": false}, {"PrincipalSID": "S-1-5-21-1338289034-4095587347-713453443-519", "PrincipalType": "Group", "RightName": "Enroll", "IsInherited": false}, {"PrincipalSID": "NORTHPOLE.LOCAL-S-1-5-9", "PrincipalType": "Group", "RightName": "Enroll", "IsInherited": false}, {"PrincipalSID": "NORTHPOLE.LOCAL-S-1-5-9", "PrincipalType": "Group", "RightName": "AutoEnroll", "IsInherited": false}], "cas_ids": ["fc373839-59df-4155-bcf1-db562544a7e6"]}, {"Properties": {"name": "OCSPRESPONSESIGNING@NORTHPOLE.LOCAL", "highvalue": false, "Template Name": "OCSPResponseSigning", "Display Name": "OCSP Response Signing", "Enabled": false, "Client Authentication": false, "Enrollment Agent": false, "Any Purpose": false, "Enrollee Supplies Subject": false, "Certificate Name Flag": ["SubjectRequireDnsAsCn", "SubjectAltRequireDns"], "Enrollment Flag": ["Norevocationinfoinissuedcerts", "AddOcspNocheck"], "Private Key Flag": ["AttestNone"], "Extended Key Usage": ["OCSP Signing"], "Requires Manager Approval": false, "Requires Key Archival": false, "Authorized Signatures Required": 0, "Validity Period": "2 weeks", "Renewal Period": "2 days", "Minimum RSA Key Length": 2048, "domain": "NORTHPOLE.LOCAL"}, "ObjectIdentifier": "3b959e4f-7181-4cdf-a6e2-27755f518b1b", "Aces": [{"PrincipalSID": "S-1-5-21-1338289034-4095587347-713453443-519", "PrincipalType": "Group", "RightName": "Owns", "IsInherited": false}, {"PrincipalSID": "S-1-5-21-1338289034-4095587347-713453443-512", "PrincipalType": "Group", "RightName": "WriteOwner", "IsInherited": false}, {"PrincipalSID": "S-1-5-21-1338289034-4095587347-713453443-512", "PrincipalType": "Group", "RightName": "WriteDacl", "IsInherited": false}, {"PrincipalSID": "S-1-5-21-1338289034-4095587347-713453443-512", "PrincipalType": "Group", "RightName": "WriteProperty", "IsInherited": false}, {"PrincipalSID": "S-1-5-21-1338289034-4095587347-713453443-512", "PrincipalType": "Group", "RightName": "Enroll", "IsInherited": false}, {"PrincipalSID": "S-1-5-21-1338289034-4095587347-713453443-519", "PrincipalType": "Group", "RightName": "WriteOwner", "IsInherited": false}, {"PrincipalSID": "S-1-5-21-1338289034-4095587347-713453443-519", "PrincipalType": "Group", "RightName": "WriteDacl", "IsInherited": false}, {"PrincipalSID": "S-1-5-21-1338289034-4095587347-713453443-519", "PrincipalType": "Group", "RightName": "WriteProperty", "IsInherited": false}, {"PrincipalSID": "S-1-5-21-1338289034-4095587347-713453443-519", "PrincipalType": "Group", "RightName": "Enroll", "IsInherited": false}], "cas_ids": null}, {"Properties": {"name": "RASANDIASSERVER@NORTHPOLE.LOCAL", "highvalue": false, "Template Name": "RASAndIASServer", "Display Name": "RAS and IAS Server", "Enabled": false, "Client Authentication": true, "Enrollment Agent": false, "Any Purpose": false, "Enrollee Supplies Subject": false, "Certificate Name Flag": ["SubjectRequireCommonName", "SubjectAltRequireDns"], "Enrollment Flag": ["AutoEnrollment"], "Private Key Flag": ["AttestNone"], "Extended Key Usage": ["Client Authentication", "Server Authentication"], "Requires Manager Approval": false, "Requires Key Archival": false, "Authorized Signatures Required": 0, "Validity Period": "1 year", "Renewal Period": "6 weeks", "Minimum RSA Key Length": 2048, "domain": "NORTHPOLE.LOCAL"}, "ObjectIdentifier": "406a23fd-2a81-4659-bf09-9fa2e0ddc3e1", "Aces": [{"PrincipalSID": "S-1-5-21-1338289034-4095587347-713453443-519", "PrincipalType": "Group", "RightName": "Owns", "IsInherited": false}, {"PrincipalSID": "S-1-5-21-1338289034-4095587347-713453443-512", "PrincipalType": "Group", "RightName": "WriteOwner", "IsInherited": false}, {"PrincipalSID": "S-1-5-21-1338289034-4095587347-713453443-512", "PrincipalType": "Group", "RightName": "WriteDacl", "IsInherited": false}, {"PrincipalSID": "S-1-5-21-1338289034-4095587347-713453443-512", "PrincipalType": "Group", "RightName": "WriteProperty", "IsInherited": false}, {"PrincipalSID": "S-1-5-21-1338289034-4095587347-713453443-512", "PrincipalType": "Group", "RightName": "Enroll", "IsInherited": false}, {"PrincipalSID": "S-1-5-21-1338289034-4095587347-713453443-519", "PrincipalType": "Group", "RightName": "WriteOwner", "IsInherited": false}, {"PrincipalSID": "S-1-5-21-1338289034-4095587347-713453443-519", "PrincipalType": "Group", "RightName": "WriteDacl", "IsInherited": false}, {"PrincipalSID": "S-1-5-21-1338289034-4095587347-713453443-519", "PrincipalType": "Group", "RightName": "WriteProperty", "IsInherited": false}, {"PrincipalSID": "S-1-5-21-1338289034-4095587347-713453443-519", "PrincipalType": "Group", "RightName": "Enroll", "IsInherited": false}, {"PrincipalSID": "S-1-5-21-1338289034-4095587347-713453443-553", "PrincipalType": "Group", "RightName": "Enroll", "IsInherited": false}], "cas_ids": null}, {"Properties": {"name": "WORKSTATION@NORTHPOLE.LOCAL", "highvalue": false, "Template Name": "Workstation", "Display Name": "Workstation Authentication", "Enabled": false, "Client Authentication": true, "Enrollment Agent": false, "Any Purpose": false, "Enrollee Supplies Subject": false, "Certificate Name Flag": ["SubjectAltRequireDns"], "Enrollment Flag": ["AutoEnrollment"], "Private Key Flag": ["AttestNone"], "Extended Key Usage": ["Client Authentication"], "Requires Manager Approval": false, "Requires Key Archival": false, "Authorized Signatures Required": 0, "Validity Period": "1 year", "Renewal Period": "6 weeks", "Minimum RSA Key Length": 2048, "domain": "NORTHPOLE.LOCAL"}, "ObjectIdentifier": "d11dc9d9-4c6a-4701-aa32-495af5a512ff", "Aces": [{"PrincipalSID": "S-1-5-21-1338289034-4095587347-713453443-519", "PrincipalType": "Group", "RightName": "Owns", "IsInherited": false}, {"PrincipalSID": "S-1-5-21-1338289034-4095587347-713453443-512", "PrincipalType": "Group", "RightName": "WriteOwner", "IsInherited": false}, {"PrincipalSID": "S-1-5-21-1338289034-4095587347-713453443-512", "PrincipalType": "Group", "RightName": "WriteDacl", "IsInherited": false}, {"PrincipalSID": "S-1-5-21-1338289034-4095587347-713453443-512", "PrincipalType": "Group", "RightName": "WriteProperty", "IsInherited": false}, {"PrincipalSID": "S-1-5-21-1338289034-4095587347-713453443-512", "PrincipalType": "Group", "RightName": "Enroll", "IsInherited": false}, {"PrincipalSID": "S-1-5-21-1338289034-4095587347-713453443-515", "PrincipalType": "Group", "RightName": "Enroll", "IsInherited": false}, {"PrincipalSID": "S-1-5-21-1338289034-4095587347-713453443-519", "PrincipalType": "Group", "RightName": "WriteOwner", "IsInherited": false}, {"PrincipalSID": "S-1-5-21-1338289034-4095587347-713453443-519", "PrincipalType": "Group", "RightName": "WriteDacl", "IsInherited": false}, {"PrincipalSID": "S-1-5-21-1338289034-4095587347-713453443-519", "PrincipalType": "Group", "RightName": "WriteProperty", "IsInherited": false}, {"PrincipalSID": "S-1-5-21-1338289034-4095587347-713453443-519", "PrincipalType": "Group", "RightName": "Enroll", "IsInherited": false}], "cas_ids": null}, {"Properties": {"name": "DIRECTORYEMAILREPLICATION@NORTHPOLE.LOCAL", "highvalue": false, "Template Name": "DirectoryEmailReplication", "Display Name": "Directory Email Replication", "Certificate Authorities": ["northpole-npdc01-CA"], "Enabled": true, "Client Authentication": false, "Enrollment Agent": false, "Any Purpose": false, "Enrollee Supplies Subject": false, "Certificate Name Flag": ["SubjectAltRequireDns", "SubjectAltRequireDirectoryGuid"], "Enrollment Flag": ["AutoEnrollment", "PublishToDs", "IncludeSymmetricAlgorithms"], "Private Key Flag": ["AttestNone"], "Extended Key Usage": ["Directory Service Email Replication"], "Requires Manager Approval": false, "Requires Key Archival": false, "Authorized Signatures Required": 0, "Validity Period": "1 year", "Renewal Period": "6 weeks", "Minimum RSA Key Length": 2048, "domain": "NORTHPOLE.LOCAL"}, "ObjectIdentifier": "920353c7-b4c9-41a0-b6c1-a4e5820698df", "Aces": [{"PrincipalSID": "S-1-5-21-1338289034-4095587347-713453443-519", "PrincipalType": "Group", "RightName": "Owns", "IsInherited": false}, {"PrincipalSID": "S-1-5-21-1338289034-4095587347-713453443-498", "PrincipalType": "Group", "RightName": "Enroll", "IsInherited": false}, {"PrincipalSID": "S-1-5-21-1338289034-4095587347-713453443-498", "PrincipalType": "Group", "RightName": "AutoEnroll", "IsInherited": false}, {"PrincipalSID": "S-1-5-21-1338289034-4095587347-713453443-512", "PrincipalType": "Group", "RightName": "WriteOwner", "IsInherited": false}, {"PrincipalSID": "S-1-5-21-1338289034-4095587347-713453443-512", "PrincipalType": "Group", "RightName": "WriteDacl", "IsInherited": false}, {"PrincipalSID": "S-1-5-21-1338289034-4095587347-713453443-512", "PrincipalType": "Group", "RightName": "WriteProperty", "IsInherited": false}, {"PrincipalSID": "S-1-5-21-1338289034-4095587347-713453443-512", "PrincipalType": "Group", "RightName": "Enroll", "IsInherited": false}, {"PrincipalSID": "S-1-5-21-1338289034-4095587347-713453443-516", "PrincipalType": "Group", "RightName": "Enroll", "IsInherited": false}, {"PrincipalSID": "S-1-5-21-1338289034-4095587347-713453443-516", "PrincipalType": "Group", "RightName": "AutoEnroll", "IsInherited": false}, {"PrincipalSID": "S-1-5-21-1338289034-4095587347-713453443-519", "PrincipalType": "Group", "RightName": "WriteOwner", "IsInherited": false}, {"PrincipalSID": "S-1-5-21-1338289034-4095587347-713453443-519", "PrincipalType": "Group", "RightName": "WriteDacl", "IsInherited": false}, {"PrincipalSID": "S-1-5-21-1338289034-4095587347-713453443-519", "PrincipalType": "Group", "RightName": "WriteProperty", "IsInherited": false}, {"PrincipalSID": "S-1-5-21-1338289034-4095587347-713453443-519", "PrincipalType": "Group", "RightName": "Enroll", "IsInherited": false}, {"PrincipalSID": "NORTHPOLE.LOCAL-S-1-5-9", "PrincipalType": "Group", "RightName": "Enroll", "IsInherited": false}, {"PrincipalSID": "NORTHPOLE.LOCAL-S-1-5-9", "PrincipalType": "Group", "RightName": "AutoEnroll", "IsInherited": false}], "cas_ids": ["fc373839-59df-4155-bcf1-db562544a7e6"]}, {"Properties": {"name": "DOMAINCONTROLLERAUTHENTICATION@NORTHPOLE.LOCAL", "highvalue": false, "Template Name": "DomainControllerAuthentication", "Display Name": "Domain Controller Authentication", "Certificate Authorities": ["northpole-npdc01-CA"], "Enabled": true, "Client Authentication": true, "Enrollment Agent": false, "Any Purpose": false, "Enrollee Supplies Subject": false, "Certificate Name Flag": ["SubjectAltRequireDns"], "Enrollment Flag": ["AutoEnrollment"], "Private Key Flag": ["AttestNone"], "Extended Key Usage": ["Client Authentication", "Server Authentication", "Smart Card Logon"], "Requires Manager Approval": false, "Requires Key Archival": false, "Authorized Signatures Required": 0, "Validity Period": "1 year", "Renewal Period": "6 weeks", "Minimum RSA Key Length": 2048, "domain": "NORTHPOLE.LOCAL"}, "ObjectIdentifier": "a91bf3c0-6099-4930-8b23-6efd729874bd", "Aces": [{"PrincipalSID": "S-1-5-21-1338289034-4095587347-713453443-519", "PrincipalType": "Group", "RightName": "Owns", "IsInherited": false}, {"PrincipalSID": "S-1-5-21-1338289034-4095587347-713453443-498", "PrincipalType": "Group", "RightName": "Enroll", "IsInherited": false}, {"PrincipalSID": "S-1-5-21-1338289034-4095587347-713453443-498", "PrincipalType": "Group", "RightName": "AutoEnroll", "IsInherited": false}, {"PrincipalSID": "S-1-5-21-1338289034-4095587347-713453443-512", "PrincipalType": "Group", "RightName": "WriteOwner", "IsInherited": false}, {"PrincipalSID": "S-1-5-21-1338289034-4095587347-713453443-512", "PrincipalType": "Group", "RightName": "WriteDacl", "IsInherited": false}, {"PrincipalSID": "S-1-5-21-1338289034-4095587347-713453443-512", "PrincipalType": "Group", "RightName": "WriteProperty", "IsInherited": false}, {"PrincipalSID": "S-1-5-21-1338289034-4095587347-713453443-512", "PrincipalType": "Group", "RightName": "Enroll", "IsInherited": false}, {"PrincipalSID": "S-1-5-21-1338289034-4095587347-713453443-516", "PrincipalType": "Group", "RightName": "Enroll", "IsInherited": false}, {"PrincipalSID": "S-1-5-21-1338289034-4095587347-713453443-516", "PrincipalType": "Group", "RightName": "AutoEnroll", "IsInherited": false}, {"PrincipalSID": "S-1-5-21-1338289034-4095587347-713453443-519", "PrincipalType": "Group", "RightName": "WriteOwner", "IsInherited": false}, {"PrincipalSID": "S-1-5-21-1338289034-4095587347-713453443-519", "PrincipalType": "Group", "RightName": "WriteDacl", "IsInherited": false}, {"PrincipalSID": "S-1-5-21-1338289034-4095587347-713453443-519", "PrincipalType": "Group", "RightName": "WriteProperty", "IsInherited": false}, {"PrincipalSID": "S-1-5-21-1338289034-4095587347-713453443-519", "PrincipalType": "Group", "RightName": "Enroll", "IsInherited": false}, {"PrincipalSID": "NORTHPOLE.LOCAL-S-1-5-9", "PrincipalType": "Group", "RightName": "Enroll", "IsInherited": false}, {"PrincipalSID": "NORTHPOLE.LOCAL-S-1-5-9", "PrincipalType": "Group", "RightName": "AutoEnroll", "IsInherited": false}], "cas_ids": ["fc373839-59df-4155-bcf1-db562544a7e6"]}, {"Properties": {"name": "KEYRECOVERYAGENT@NORTHPOLE.LOCAL", "highvalue": false, "Template Name": "KeyRecoveryAgent", "Display Name": "Key Recovery Agent", "Enabled": false, "Client Authentication": false, "Enrollment Agent": false, "Any Purpose": false, "Enrollee Supplies Subject": false, "Certificate Name Flag": ["SubjectRequireDirectoryPath", "SubjectAltRequireUpn"], "Enrollment Flag": ["AutoEnrollment", "PublishToKraContainer", "PendAllRequests", "IncludeSymmetricAlgorithms"], "Private Key Flag": ["ExportableKey"], "Extended Key Usage": ["Key Recovery Agent"], "Requires Manager Approval": true, "Requires Key Archival": false, "Authorized Signatures Required": 0, "Validity Period": "2 years", "Renewal Period": "6 weeks", "Minimum RSA Key Length": 2048, "domain": "NORTHPOLE.LOCAL"}, "ObjectIdentifier": "d46e138c-233d-48da-832e-8450ade409e4", "Aces": [{"PrincipalSID": "S-1-5-21-1338289034-4095587347-713453443-519", "PrincipalType": "Group", "RightName": "Owns", "IsInherited": false}, {"PrincipalSID": "S-1-5-21-1338289034-4095587347-713453443-512", "PrincipalType": "Group", "RightName": "WriteOwner", "IsInherited": false}, {"PrincipalSID": "S-1-5-21-1338289034-4095587347-713453443-512", "PrincipalType": "Group", "RightName": "WriteDacl", "IsInherited": false}, {"PrincipalSID": "S-1-5-21-1338289034-4095587347-713453443-512", "PrincipalType": "Group", "RightName": "WriteProperty", "IsInherited": false}, {"PrincipalSID": "S-1-5-21-1338289034-4095587347-713453443-512", "PrincipalType": "Group", "RightName": "Enroll", "IsInherited": false}, {"PrincipalSID": "S-1-5-21-1338289034-4095587347-713453443-519", "PrincipalType": "Group", "RightName": "WriteOwner", "IsInherited": false}, {"PrincipalSID": "S-1-5-21-1338289034-4095587347-713453443-519", "PrincipalType": "Group", "RightName": "WriteDacl", "IsInherited": false}, {"PrincipalSID": "S-1-5-21-1338289034-4095587347-713453443-519", "PrincipalType": "Group", "RightName": "WriteProperty", "IsInherited": false}, {"PrincipalSID": "S-1-5-21-1338289034-4095587347-713453443-519", "PrincipalType": "Group", "RightName": "Enroll", "IsInherited": false}], "cas_ids": null}, {"Properties": {"name": "CAEXCHANGE@NORTHPOLE.LOCAL", "highvalue": false, "Template Name": "CAExchange", "Display Name": "CA Exchange", "Enabled": false, "Client Authentication": false, "Enrollment Agent": false, "Any Purpose": false, "Enrollee Supplies Subject": true, "Certificate Name Flag": ["EnrolleeSuppliesSubject"], "Enrollment Flag": ["IncludeSymmetricAlgorithms"], "Private Key Flag": ["AttestNone"], "Extended Key Usage": ["Private Key Archival"], "Requires Manager Approval": false, "Requires Key Archival": false, "Authorized Signatures Required": 0, "Validity Period": "1 week", "Renewal Period": "1 day", "Minimum RSA Key Length": 2048, "domain": "NORTHPOLE.LOCAL"}, "ObjectIdentifier": "9b976265-762d-45b7-b5e3-fc74bcd188ef", "Aces": [{"PrincipalSID": "S-1-5-21-1338289034-4095587347-713453443-519", "PrincipalType": "Group", "RightName": "Owns", "IsInherited": false}, {"PrincipalSID": "S-1-5-21-1338289034-4095587347-713453443-512", "PrincipalType": "Group", "RightName": "WriteOwner", "IsInherited": false}, {"PrincipalSID": "S-1-5-21-1338289034-4095587347-713453443-512", "PrincipalType": "Group", "RightName": "WriteDacl", "IsInherited": false}, {"PrincipalSID": "S-1-5-21-1338289034-4095587347-713453443-512", "PrincipalType": "Group", "RightName": "WriteProperty", "IsInherited": false}, {"PrincipalSID": "S-1-5-21-1338289034-4095587347-713453443-512", "PrincipalType": "Group", "RightName": "Enroll", "IsInherited": false}, {"PrincipalSID": "S-1-5-21-1338289034-4095587347-713453443-519", "PrincipalType": "Group", "RightName": "WriteOwner", "IsInherited": false}, {"PrincipalSID": "S-1-5-21-1338289034-4095587347-713453443-519", "PrincipalType": "Group", "RightName": "WriteDacl", "IsInherited": false}, {"PrincipalSID": "S-1-5-21-1338289034-4095587347-713453443-519", "PrincipalType": "Group", "RightName": "WriteProperty", "IsInherited": false}, {"PrincipalSID": "S-1-5-21-1338289034-4095587347-713453443-519", "PrincipalType": "Group", "RightName": "Enroll", "IsInherited": false}], "cas_ids": null}, {"Properties": {"name": "CROSSCA@NORTHPOLE.LOCAL", "highvalue": false, "Template Name": "CrossCA", "Display Name": "Cross Certification Authority", "Enabled": false, "Client Authentication": true, "Enrollment Agent": true, "Any Purpose": true, "Enrollee Supplies Subject": true, "Certificate Name Flag": ["EnrolleeSuppliesSubject"], "Enrollment Flag": ["PublishToDs"], "Private Key Flag": ["ExportableKey"], "Requires Manager Approval": false, "Requires Key Archival": false, "Authorized Signatures Required": 1, "Validity Period": "5 years", "Renewal Period": "6 weeks", "Minimum RSA Key Length": 2048, "domain": "NORTHPOLE.LOCAL"}, "ObjectIdentifier": "a5502c06-7a3c-417c-af1b-508bb65fe095", "Aces": [{"PrincipalSID": "S-1-5-21-1338289034-4095587347-713453443-519", "PrincipalType": "Group", "RightName": "Owns", "IsInherited": false}, {"PrincipalSID": "S-1-5-21-1338289034-4095587347-713453443-512", "PrincipalType": "Group", "RightName": "WriteOwner", "IsInherited": false}, {"PrincipalSID": "S-1-5-21-1338289034-4095587347-713453443-512", "PrincipalType": "Group", "RightName": "WriteDacl", "IsInherited": false}, {"PrincipalSID": "S-1-5-21-1338289034-4095587347-713453443-512", "PrincipalType": "Group", "RightName": "WriteProperty", "IsInherited": false}, {"PrincipalSID": "S-1-5-21-1338289034-4095587347-713453443-512", "PrincipalType": "Group", "RightName": "Enroll", "IsInherited": false}, {"PrincipalSID": "S-1-5-21-1338289034-4095587347-713453443-519", "PrincipalType": "Group", "RightName": "WriteOwner", "IsInherited": false}, {"PrincipalSID": "S-1-5-21-1338289034-4095587347-713453443-519", "PrincipalType": "Group", "RightName": "WriteDacl", "IsInherited": false}, {"PrincipalSID": "S-1-5-21-1338289034-4095587347-713453443-519", "PrincipalType": "Group", "RightName": "WriteProperty", "IsInherited": false}, {"PrincipalSID": "S-1-5-21-1338289034-4095587347-713453443-519", "PrincipalType": "Group", "RightName": "Enroll", "IsInherited": false}], "cas_ids": null}, {"Properties": {"name": "EXCHANGEUSERSIGNATURE@NORTHPOLE.LOCAL", "highvalue": false, "Template Name": "ExchangeUserSignature", "Display Name": "Exchange Signature Only", "Enabled": false, "Client Authentication": false, "Enrollment Agent": false, "Any Purpose": false, "Enrollee Supplies Subject": true, "Certificate Name Flag": ["EnrolleeSuppliesSubject"], "Enrollment Flag": ["None"], "Private Key Flag": ["AttestNone"], "Extended Key Usage": ["Secure Email"], "Requires Manager Approval": false, "Requires Key Archival": false, "Authorized Signatures Required": 0, "Validity Period": "1 year", "Renewal Period": "6 weeks", "Minimum RSA Key Length": 2048, "domain": "NORTHPOLE.LOCAL"}, "ObjectIdentifier": "22cfdb17-cc80-42f1-8984-3c0251272ecc", "Aces": [{"PrincipalSID": "S-1-5-21-1338289034-4095587347-713453443-519", "PrincipalType": "Group", "RightName": "Owns", "IsInherited": false}, {"PrincipalSID": "S-1-5-21-1338289034-4095587347-713453443-512", "PrincipalType": "Group", "RightName": "WriteOwner", "IsInherited": false}, {"PrincipalSID": "S-1-5-21-1338289034-4095587347-713453443-512", "PrincipalType": "Group", "RightName": "WriteDacl", "IsInherited": false}, {"PrincipalSID": "S-1-5-21-1338289034-4095587347-713453443-512", "PrincipalType": "Group", "RightName": "WriteProperty", "IsInherited": false}, {"PrincipalSID": "S-1-5-21-1338289034-4095587347-713453443-512", "PrincipalType": "Group", "RightName": "Enroll", "IsInherited": false}, {"PrincipalSID": "S-1-5-21-1338289034-4095587347-713453443-519", "PrincipalType": "Group", "RightName": "WriteOwner", "IsInherited": false}, {"PrincipalSID": "S-1-5-21-1338289034-4095587347-713453443-519", "PrincipalType": "Group", "RightName": "WriteDacl", "IsInherited": false}, {"PrincipalSID": "S-1-5-21-1338289034-4095587347-713453443-519", "PrincipalType": "Group", "RightName": "WriteProperty", "IsInherited": false}, {"PrincipalSID": "S-1-5-21-1338289034-4095587347-713453443-519", "PrincipalType": "Group", "RightName": "Enroll", "IsInherited": false}], "cas_ids": null}, {"Properties": {"name": "EXCHANGEUSER@NORTHPOLE.LOCAL", "highvalue": false, "Template Name": "ExchangeUser", "Display Name": "Exchange User", "Enabled": false, "Client Authentication": false, "Enrollment Agent": false, "Any Purpose": false, "Enrollee Supplies Subject": true, "Certificate Name Flag": ["EnrolleeSuppliesSubject"], "Enrollment Flag": ["IncludeSymmetricAlgorithms"], "Private Key Flag": ["ExportableKey"], "Extended Key Usage": ["Secure Email"], "Requires Manager Approval": false, "Requires Key Archival": false, "Authorized Signatures Required": 0, "Validity Period": "1 year", "Renewal Period": "6 weeks", "Minimum RSA Key Length": 2048, "domain": "NORTHPOLE.LOCAL"}, "ObjectIdentifier": "2b8d27ed-a9ff-48da-bb6e-c3c6e832a1cb", "Aces": [{"PrincipalSID": "S-1-5-21-1338289034-4095587347-713453443-519", "PrincipalType": "Group", "RightName": "Owns", "IsInherited": false}, {"PrincipalSID": "S-1-5-21-1338289034-4095587347-713453443-512", "PrincipalType": "Group", "RightName": "WriteOwner", "IsInherited": false}, {"PrincipalSID": "S-1-5-21-1338289034-4095587347-713453443-512", "PrincipalType": "Group", "RightName": "WriteDacl", "IsInherited": false}, {"PrincipalSID": "S-1-5-21-1338289034-4095587347-713453443-512", "PrincipalType": "Group", "RightName": "WriteProperty", "IsInherited": false}, {"PrincipalSID": "S-1-5-21-1338289034-4095587347-713453443-512", "PrincipalType": "Group", "RightName": "Enroll", "IsInherited": false}, {"PrincipalSID": "S-1-5-21-1338289034-4095587347-713453443-519", "PrincipalType": "Group", "RightName": "WriteOwner", "IsInherited": false}, {"PrincipalSID": "S-1-5-21-1338289034-4095587347-713453443-519", "PrincipalType": "Group", "RightName": "WriteDacl", "IsInherited": false}, {"PrincipalSID": "S-1-5-21-1338289034-4095587347-713453443-519", "PrincipalType": "Group", "RightName": "WriteProperty", "IsInherited": false}, {"PrincipalSID": "S-1-5-21-1338289034-4095587347-713453443-519", "PrincipalType": "Group", "RightName": "Enroll", "IsInherited": false}], "cas_ids": null}, {"Properties": {"name": "CEPENCRYPTION@NORTHPOLE.LOCAL", "highvalue": false, "Template Name": "CEPEncryption", "Display Name": "CEP Encryption", "Enabled": false, "Client Authentication": false, "Enrollment Agent": true, "Any Purpose": false, "Enrollee Supplies Subject": true, "Certificate Name Flag": ["EnrolleeSuppliesSubject"], "Enrollment Flag": ["None"], "Private Key Flag": ["AttestNone"], "Extended Key Usage": ["Certificate Request Agent"], "Requires Manager Approval": false, "Requires Key Archival": false, "Authorized Signatures Required": 0, "Validity Period": "2 years", "Renewal Period": "6 weeks", "Minimum RSA Key Length": 2048, "domain": "NORTHPOLE.LOCAL"}, "ObjectIdentifier": "d9fc9a28-4e63-4cbc-b82b-45d212ea85df", "Aces": [{"PrincipalSID": "S-1-5-21-1338289034-4095587347-713453443-519", "PrincipalType": "Group", "RightName": "Owns", "IsInherited": false}, {"PrincipalSID": "S-1-5-21-1338289034-4095587347-713453443-512", "PrincipalType": "Group", "RightName": "WriteOwner", "IsInherited": false}, {"PrincipalSID": "S-1-5-21-1338289034-4095587347-713453443-512", "PrincipalType": "Group", "RightName": "WriteDacl", "IsInherited": false}, {"PrincipalSID": "S-1-5-21-1338289034-4095587347-713453443-512", "PrincipalType": "Group", "RightName": "WriteProperty", "IsInherited": false}, {"PrincipalSID": "S-1-5-21-1338289034-4095587347-713453443-512", "PrincipalType": "Group", "RightName": "Enroll", "IsInherited": false}, {"PrincipalSID": "S-1-5-21-1338289034-4095587347-713453443-519", "PrincipalType": "Group", "RightName": "WriteOwner", "IsInherited": false}, {"PrincipalSID": "S-1-5-21-1338289034-4095587347-713453443-519", "PrincipalType": "Group", "RightName": "WriteDacl", "IsInherited": false}, {"PrincipalSID": "S-1-5-21-1338289034-4095587347-713453443-519", "PrincipalType": "Group", "RightName": "WriteProperty", "IsInherited": false}, {"PrincipalSID": "S-1-5-21-1338289034-4095587347-713453443-519", "PrincipalType": "Group", "RightName": "Enroll", "IsInherited": false}], "cas_ids": null}, {"Properties": {"name": "OFFLINEROUTER@NORTHPOLE.LOCAL", "highvalue": false, "Template Name": "OfflineRouter", "Display Name": "Router (Offline request)", "Enabled": false, "Client Authentication": true, "Enrollment Agent": false, "Any Purpose": false, "Enrollee Supplies Subject": true, "Certificate Name Flag": ["EnrolleeSuppliesSubject"], "Enrollment Flag": ["None"], "Private Key Flag": ["AttestNone"], "Extended Key Usage": ["Client Authentication"], "Requires Manager Approval": false, "Requires Key Archival": false, "Authorized Signatures Required": 0, "Validity Period": "2 years", "Renewal Period": "6 weeks", "Minimum RSA Key Length": 2048, "domain": "NORTHPOLE.LOCAL"}, "ObjectIdentifier": "ceb5b5f8-2a3a-4afa-b45e-d09f36575e2c", "Aces": [{"PrincipalSID": "S-1-5-21-1338289034-4095587347-713453443-519", "PrincipalType": "Group", "RightName": "Owns", "IsInherited": false}, {"PrincipalSID": "S-1-5-21-1338289034-4095587347-713453443-512", "PrincipalType": "Group", "RightName": "WriteOwner", "IsInherited": false}, {"PrincipalSID": "S-1-5-21-1338289034-4095587347-713453443-512", "PrincipalType": "Group", "RightName": "WriteDacl", "IsInherited": false}, {"PrincipalSID": "S-1-5-21-1338289034-4095587347-713453443-512", "PrincipalType": "Group", "RightName": "WriteProperty", "IsInherited": false}, {"PrincipalSID": "S-1-5-21-1338289034-4095587347-713453443-512", "PrincipalType": "Group", "RightName": "Enroll", "IsInherited": false}, {"PrincipalSID": "S-1-5-21-1338289034-4095587347-713453443-519", "PrincipalType": "Group", "RightName": "WriteOwner", "IsInherited": false}, {"PrincipalSID": "S-1-5-21-1338289034-4095587347-713453443-519", "PrincipalType": "Group", "RightName": "WriteDacl", "IsInherited": false}, {"PrincipalSID": "S-1-5-21-1338289034-4095587347-713453443-519", "PrincipalType": "Group", "RightName": "WriteProperty", "IsInherited": false}, {"PrincipalSID": "S-1-5-21-1338289034-4095587347-713453443-519", "PrincipalType": "Group", "RightName": "Enroll", "IsInherited": false}], "cas_ids": null}, {"Properties": {"name": "IPSECINTERMEDIATEOFFLINE@NORTHPOLE.LOCAL", "highvalue": false, "Template Name": "IPSECIntermediateOffline", "Display Name": "IPSec (Offline request)", "Enabled": false, "Client Authentication": false, "Enrollment Agent": false, "Any Purpose": false, "Enrollee Supplies Subject": true, "Certificate Name Flag": ["EnrolleeSuppliesSubject"], "Enrollment Flag": ["None"], "Private Key Flag": ["AttestNone"], "Extended Key Usage": ["IP security IKE intermediate"], "Requires Manager Approval": false, "Requires Key Archival": false, "Authorized Signatures Required": 0, "Validity Period": "2 years", "Renewal Period": "6 weeks", "Minimum RSA Key Length": 2048, "domain": "NORTHPOLE.LOCAL"}, "ObjectIdentifier": "33f25e9a-c795-4c62-83f1-5d6b02a613fe", "Aces": [{"PrincipalSID": "S-1-5-21-1338289034-4095587347-713453443-519", "PrincipalType": "Group", "RightName": "Owns", "IsInherited": false}, {"PrincipalSID": "S-1-5-21-1338289034-4095587347-713453443-512", "PrincipalType": "Group", "RightName": "WriteOwner", "IsInherited": false}, {"PrincipalSID": "S-1-5-21-1338289034-4095587347-713453443-512", "PrincipalType": "Group", "RightName": "WriteDacl", "IsInherited": false}, {"PrincipalSID": "S-1-5-21-1338289034-4095587347-713453443-512", "PrincipalType": "Group", "RightName": "WriteProperty", "IsInherited": false}, {"PrincipalSID": "S-1-5-21-1338289034-4095587347-713453443-512", "PrincipalType": "Group", "RightName": "Enroll", "IsInherited": false}, {"PrincipalSID": "S-1-5-21-1338289034-4095587347-713453443-519", "PrincipalType": "Group", "RightName": "WriteOwner", "IsInherited": false}, {"PrincipalSID": "S-1-5-21-1338289034-4095587347-713453443-519", "PrincipalType": "Group", "RightName": "WriteDacl", "IsInherited": false}, {"PrincipalSID": "S-1-5-21-1338289034-4095587347-713453443-519", "PrincipalType": "Group", "RightName": "WriteProperty", "IsInherited": false}, {"PrincipalSID": "S-1-5-21-1338289034-4095587347-713453443-519", "PrincipalType": "Group", "RightName": "Enroll", "IsInherited": false}], "cas_ids": null}, {"Properties": {"name": "IPSECINTERMEDIATEONLINE@NORTHPOLE.LOCAL", "highvalue": false, "Template Name": "IPSECIntermediateOnline", "Display Name": "IPSec", "Enabled": false, "Client Authentication": false, "Enrollment Agent": false, "Any Purpose": false, "Enrollee Supplies Subject": false, "Certificate Name Flag": ["SubjectRequireDnsAsCn", "SubjectAltRequireDns"], "Enrollment Flag": ["AutoEnrollment"], "Private Key Flag": ["AttestNone"], "Extended Key Usage": ["IP security IKE intermediate"], "Requires Manager Approval": false, "Requires Key Archival": false, "Authorized Signatures Required": 0, "Validity Period": "2 years", "Renewal Period": "6 weeks", "Minimum RSA Key Length": 2048, "domain": "NORTHPOLE.LOCAL"}, "ObjectIdentifier": "0638a7ff-3b78-4c9d-be49-8bd0a21a6772", "Aces": [{"PrincipalSID": "S-1-5-21-1338289034-4095587347-713453443-519", "PrincipalType": "Group", "RightName": "Owns", "IsInherited": false}, {"PrincipalSID": "S-1-5-21-1338289034-4095587347-713453443-512", "PrincipalType": "Group", "RightName": "WriteOwner", "IsInherited": false}, {"PrincipalSID": "S-1-5-21-1338289034-4095587347-713453443-512", "PrincipalType": "Group", "RightName": "WriteDacl", "IsInherited": false}, {"PrincipalSID": "S-1-5-21-1338289034-4095587347-713453443-512", "PrincipalType": "Group", "RightName": "WriteProperty", "IsInherited": false}, {"PrincipalSID": "S-1-5-21-1338289034-4095587347-713453443-512", "PrincipalType": "Group", "RightName": "Enroll", "IsInherited": false}, {"PrincipalSID": "S-1-5-21-1338289034-4095587347-713453443-515", "PrincipalType": "Group", "RightName": "Enroll", "IsInherited": false}, {"PrincipalSID": "S-1-5-21-1338289034-4095587347-713453443-516", "PrincipalType": "Group", "RightName": "Enroll", "IsInherited": false}, {"PrincipalSID": "S-1-5-21-1338289034-4095587347-713453443-519", "PrincipalType": "Group", "RightName": "WriteOwner", "IsInherited": false}, {"PrincipalSID": "S-1-5-21-1338289034-4095587347-713453443-519", "PrincipalType": "Group", "RightName": "WriteDacl", "IsInherited": false}, {"PrincipalSID": "S-1-5-21-1338289034-4095587347-713453443-519", "PrincipalType": "Group", "RightName": "WriteProperty", "IsInherited": false}, {"PrincipalSID": "S-1-5-21-1338289034-4095587347-713453443-519", "PrincipalType": "Group", "RightName": "Enroll", "IsInherited": false}], "cas_ids": null}, {"Properties": {"name": "SUBCA@NORTHPOLE.LOCAL", "highvalue": true, "Template Name": "SubCA", "Display Name": "Subordinate Certification Authority", "Certificate Authorities": ["northpole-npdc01-CA"], "Enabled": true, "Client Authentication": true, "Enrollment Agent": true, "Any Purpose": true, "Enrollee Supplies Subject": true, "Certificate Name Flag": ["EnrolleeSuppliesSubject"], "Enrollment Flag": ["None"], "Private Key Flag": ["ExportableKey"], "Requires Manager Approval": false, "Requires Key Archival": false, "Authorized Signatures Required": 0, "Validity Period": "5 years", "Renewal Period": "6 weeks", "Minimum RSA Key Length": 2048, "domain": "NORTHPOLE.LOCAL"}, "ObjectIdentifier": "5029fbec-3740-4348-af3d-e2e27dda34fb", "Aces": [{"PrincipalSID": "S-1-5-21-1338289034-4095587347-713453443-519", "PrincipalType": "Group", "RightName": "Owns", "IsInherited": false}, {"PrincipalSID": "S-1-5-21-1338289034-4095587347-713453443-512", "PrincipalType": "Group", "RightName": "WriteOwner", "IsInherited": false}, {"PrincipalSID": "S-1-5-21-1338289034-4095587347-713453443-512", "PrincipalType": "Group", "RightName": "WriteDacl", "IsInherited": false}, {"PrincipalSID": "S-1-5-21-1338289034-4095587347-713453443-512", "PrincipalType": "Group", "RightName": "WriteProperty", "IsInherited": false}, {"PrincipalSID": "S-1-5-21-1338289034-4095587347-713453443-512", "PrincipalType": "Group", "RightName": "Enroll", "IsInherited": false}, {"PrincipalSID": "S-1-5-21-1338289034-4095587347-713453443-519", "PrincipalType": "Group", "RightName": "WriteOwner", "IsInherited": false}, {"PrincipalSID": "S-1-5-21-1338289034-4095587347-713453443-519", "PrincipalType": "Group", "RightName": "WriteDacl", "IsInherited": false}, {"PrincipalSID": "S-1-5-21-1338289034-4095587347-713453443-519", "PrincipalType": "Group", "RightName": "WriteProperty", "IsInherited": false}, {"PrincipalSID": "S-1-5-21-1338289034-4095587347-713453443-519", "PrincipalType": "Group", "RightName": "Enroll", "IsInherited": false}], "cas_ids": ["fc373839-59df-4155-bcf1-db562544a7e6"]}, {"Properties": {"name": "CA@NORTHPOLE.LOCAL", "highvalue": false, "Template Name": "CA", "Display Name": "Root Certification Authority", "Enabled": false, "Client Authentication": true, "Enrollment Agent": true, "Any Purpose": true, "Enrollee Supplies Subject": true, "Certificate Name Flag": ["EnrolleeSuppliesSubject"], "Enrollment Flag": ["None"], "Private Key Flag": ["ExportableKey"], "Requires Manager Approval": false, "Requires Key Archival": false, "Authorized Signatures Required": 0, "Validity Period": "5 years", "Renewal Period": "6 weeks", "Minimum RSA Key Length": 2048, "domain": "NORTHPOLE.LOCAL"}, "ObjectIdentifier": "fdbd3986-0453-485b-bc3b-ad6db11f9af2", "Aces": [{"PrincipalSID": "S-1-5-21-1338289034-4095587347-713453443-519", "PrincipalType": "Group", "RightName": "Owns", "IsInherited": false}, {"PrincipalSID": "S-1-5-21-1338289034-4095587347-713453443-512", "PrincipalType": "Group", "RightName": "WriteOwner", "IsInherited": false}, {"PrincipalSID": "S-1-5-21-1338289034-4095587347-713453443-512", "PrincipalType": "Group", "RightName": "WriteDacl", "IsInherited": false}, {"PrincipalSID": "S-1-5-21-1338289034-4095587347-713453443-512", "PrincipalType": "Group", "RightName": "WriteProperty", "IsInherited": false}, {"PrincipalSID": "S-1-5-21-1338289034-4095587347-713453443-512", "PrincipalType": "Group", "RightName": "Enroll", "IsInherited": false}, {"PrincipalSID": "S-1-5-21-1338289034-4095587347-713453443-519", "PrincipalType": "Group", "RightName": "WriteOwner", "IsInherited": false}, {"PrincipalSID": "S-1-5-21-1338289034-4095587347-713453443-519", "PrincipalType": "Group", "RightName": "WriteDacl", "IsInherited": false}, {"PrincipalSID": "S-1-5-21-1338289034-4095587347-713453443-519", "PrincipalType": "Group", "RightName": "WriteProperty", "IsInherited": false}, {"PrincipalSID": "S-1-5-21-1338289034-4095587347-713453443-519", "PrincipalType": "Group", "RightName": "Enroll", "IsInherited": false}], "cas_ids": null}, {"Properties": {"name": "WEBSERVER@NORTHPOLE.LOCAL", "highvalue": false, "Template Name": "WebServer", "Display Name": "Web Server", "Certificate Authorities": ["northpole-npdc01-CA"], "Enabled": true, "Client Authentication": false, "Enrollment Agent": false, "Any Purpose": false, "Enrollee Supplies Subject": true, "Certificate Name Flag": ["EnrolleeSuppliesSubject"], "Enrollment Flag": ["None"], "Private Key Flag": ["AttestNone"], "Extended Key Usage": ["Server Authentication"], "Requires Manager Approval": false, "Requires Key Archival": false, "Authorized Signatures Required": 0, "Validity Period": "2 years", "Renewal Period": "6 weeks", "Minimum RSA Key Length": 2048, "domain": "NORTHPOLE.LOCAL"}, "ObjectIdentifier": "97a04b23-e6d9-4034-aa0a-9e584c7a9775", "Aces": [{"PrincipalSID": "S-1-5-21-1338289034-4095587347-713453443-519", "PrincipalType": "Group", "RightName": "Owns", "IsInherited": false}, {"PrincipalSID": "S-1-5-21-1338289034-4095587347-713453443-512", "PrincipalType": "Group", "RightName": "WriteOwner", "IsInherited": false}, {"PrincipalSID": "S-1-5-21-1338289034-4095587347-713453443-512", "PrincipalType": "Group", "RightName": "WriteDacl", "IsInherited": false}, {"PrincipalSID": "S-1-5-21-1338289034-4095587347-713453443-512", "PrincipalType": "Group", "RightName": "WriteProperty", "IsInherited": false}, {"PrincipalSID": "S-1-5-21-1338289034-4095587347-713453443-512", "PrincipalType": "Group", "RightName": "Enroll", "IsInherited": false}, {"PrincipalSID": "S-1-5-21-1338289034-4095587347-713453443-519", "PrincipalType": "Group", "RightName": "WriteOwner", "IsInherited": false}, {"PrincipalSID": "S-1-5-21-1338289034-4095587347-713453443-519", "PrincipalType": "Group", "RightName": "WriteDacl", "IsInherited": false}, {"PrincipalSID": "S-1-5-21-1338289034-4095587347-713453443-519", "PrincipalType": "Group", "RightName": "WriteProperty", "IsInherited": false}, {"PrincipalSID": "S-1-5-21-1338289034-4095587347-713453443-519", "PrincipalType": "Group", "RightName": "Enroll", "IsInherited": false}], "cas_ids": ["fc373839-59df-4155-bcf1-db562544a7e6"]}, {"Properties": {"name": "DOMAINCONTROLLER@NORTHPOLE.LOCAL", "highvalue": false, "Template Name": "DomainController", "Display Name": "Domain Controller", "Certificate Authorities": ["northpole-npdc01-CA"], "Enabled": true, "Client Authentication": true, "Enrollment Agent": false, "Any Purpose": false, "Enrollee Supplies Subject": false, "Certificate Name Flag": ["SubjectRequireDnsAsCn", "SubjectAltRequireDns", "SubjectAltRequireDirectoryGuid"], "Enrollment Flag": ["AutoEnrollment", "PublishToDs", "IncludeSymmetricAlgorithms"], "Private Key Flag": ["AttestNone"], "Extended Key Usage": ["Client Authentication", "Server Authentication"], "Requires Manager Approval": false, "Requires Key Archival": false, "Authorized Signatures Required": 0, "Validity Period": "1 year", "Renewal Period": "6 weeks", "Minimum RSA Key Length": 2048, "domain": "NORTHPOLE.LOCAL"}, "ObjectIdentifier": "4d4ae86b-67e8-42ee-8807-abf67af0c17b", "Aces": [{"PrincipalSID": "S-1-5-21-1338289034-4095587347-713453443-519", "PrincipalType": "Group", "RightName": "Owns", "IsInherited": false}, {"PrincipalSID": "S-1-5-21-1338289034-4095587347-713453443-498", "PrincipalType": "Group", "RightName": "Enroll", "IsInherited": false}, {"PrincipalSID": "S-1-5-21-1338289034-4095587347-713453443-512", "PrincipalType": "Group", "RightName": "WriteOwner", "IsInherited": false}, {"PrincipalSID": "S-1-5-21-1338289034-4095587347-713453443-512", "PrincipalType": "Group", "RightName": "WriteDacl", "IsInherited": false}, {"PrincipalSID": "S-1-5-21-1338289034-4095587347-713453443-512", "PrincipalType": "Group", "RightName": "WriteProperty", "IsInherited": false}, {"PrincipalSID": "S-1-5-21-1338289034-4095587347-713453443-512", "PrincipalType": "Group", "RightName": "Enroll", "IsInherited": false}, {"PrincipalSID": "S-1-5-21-1338289034-4095587347-713453443-516", "PrincipalType": "Group", "RightName": "Enroll", "IsInherited": false}, {"PrincipalSID": "S-1-5-21-1338289034-4095587347-713453443-519", "PrincipalType": "Group", "RightName": "WriteOwner", "IsInherited": false}, {"PrincipalSID": "S-1-5-21-1338289034-4095587347-713453443-519", "PrincipalType": "Group", "RightName": "WriteDacl", "IsInherited": false}, {"PrincipalSID": "S-1-5-21-1338289034-4095587347-713453443-519", "PrincipalType": "Group", "RightName": "WriteProperty", "IsInherited": false}, {"PrincipalSID": "S-1-5-21-1338289034-4095587347-713453443-519", "PrincipalType": "Group", "RightName": "Enroll", "IsInherited": false}, {"PrincipalSID": "NORTHPOLE.LOCAL-S-1-5-9", "PrincipalType": "Group", "RightName": "Enroll", "IsInherited": false}], "cas_ids": ["fc373839-59df-4155-bcf1-db562544a7e6"]}, {"Properties": {"name": "MACHINE@NORTHPOLE.LOCAL", "highvalue": false, "Template Name": "Machine", "Display Name": "Computer", "Certificate Authorities": ["northpole-npdc01-CA"], "Enabled": true, "Client Authentication": true, "Enrollment Agent": false, "Any Purpose": false, "Enrollee Supplies Subject": false, "Certificate Name Flag": ["SubjectRequireDnsAsCn", "SubjectAltRequireDns"], "Enrollment Flag": ["AutoEnrollment"], "Private Key Flag": ["AttestNone"], "Extended Key Usage": ["Client Authentication", "Server Authentication"], "Requires Manager Approval": false, "Requires Key Archival": false, "Authorized Signatures Required": 0, "Validity Period": "1 year", "Renewal Period": "6 weeks", "Minimum RSA Key Length": 2048, "domain": "NORTHPOLE.LOCAL"}, "ObjectIdentifier": "7d215567-9a75-44d6-8cfc-0a742b6b65da", "Aces": [{"PrincipalSID": "S-1-5-21-1338289034-4095587347-713453443-519", "PrincipalType": "Group", "RightName": "Owns", "IsInherited": false}, {"PrincipalSID": "S-1-5-21-1338289034-4095587347-713453443-512", "PrincipalType": "Group", "RightName": "WriteOwner", "IsInherited": false}, {"PrincipalSID": "S-1-5-21-1338289034-4095587347-713453443-512", "PrincipalType": "Group", "RightName": "WriteDacl", "IsInherited": false}, {"PrincipalSID": "S-1-5-21-1338289034-4095587347-713453443-512", "PrincipalType": "Group", "RightName": "WriteProperty", "IsInherited": false}, {"PrincipalSID": "S-1-5-21-1338289034-4095587347-713453443-512", "PrincipalType": "Group", "RightName": "Enroll", "IsInherited": false}, {"PrincipalSID": "S-1-5-21-1338289034-4095587347-713453443-515", "PrincipalType": "Group", "RightName": "Enroll", "IsInherited": false}, {"PrincipalSID": "S-1-5-21-1338289034-4095587347-713453443-519", "PrincipalType": "Group", "RightName": "WriteOwner", "IsInherited": false}, {"PrincipalSID": "S-1-5-21-1338289034-4095587347-713453443-519", "PrincipalType": "Group", "RightName": "WriteDacl", "IsInherited": false}, {"PrincipalSID": "S-1-5-21-1338289034-4095587347-713453443-519", "PrincipalType": "Group", "RightName": "WriteProperty", "IsInherited": false}, {"PrincipalSID": "S-1-5-21-1338289034-4095587347-713453443-519", "PrincipalType": "Group", "RightName": "Enroll", "IsInherited": false}], "cas_ids": ["fc373839-59df-4155-bcf1-db562544a7e6"]}, {"Properties": {"name": "MACHINEENROLLMENTAGENT@NORTHPOLE.LOCAL", "highvalue": false, "Template Name": "MachineEnrollmentAgent", "Display Name": "Enrollment Agent (Computer)", "Enabled": false, "Client Authentication": false, "Enrollment Agent": true, "Any Purpose": false, "Enrollee Supplies Subject": false, "Certificate Name Flag": ["SubjectRequireDnsAsCn", "SubjectAltRequireDns"], "Enrollment Flag": ["AutoEnrollment"], "Private Key Flag": ["AttestNone"], "Extended Key Usage": ["Certificate Request Agent"], "Requires Manager Approval": false, "Requires Key Archival": false, "Authorized Signatures Required": 0, "Validity Period": "2 years", "Renewal Period": "6 weeks", "Minimum RSA Key Length": 2048, "domain": "NORTHPOLE.LOCAL"}, "ObjectIdentifier": "6231e5f0-a351-4e9e-967c-236c2097a5eb", "Aces": [{"PrincipalSID": "S-1-5-21-1338289034-4095587347-713453443-519", "PrincipalType": "Group", "RightName": "Owns", "IsInherited": false}, {"PrincipalSID": "S-1-5-21-1338289034-4095587347-713453443-512", "PrincipalType": "Group", "RightName": "WriteOwner", "IsInherited": false}, {"PrincipalSID": "S-1-5-21-1338289034-4095587347-713453443-512", "PrincipalType": "Group", "RightName": "WriteDacl", "IsInherited": false}, {"PrincipalSID": "S-1-5-21-1338289034-4095587347-713453443-512", "PrincipalType": "Group", "RightName": "WriteProperty", "IsInherited": false}, {"PrincipalSID": "S-1-5-21-1338289034-4095587347-713453443-512", "PrincipalType": "Group", "RightName": "Enroll", "IsInherited": false}, {"PrincipalSID": "S-1-5-21-1338289034-4095587347-713453443-519", "PrincipalType": "Group", "RightName": "WriteOwner", "IsInherited": false}, {"PrincipalSID": "S-1-5-21-1338289034-4095587347-713453443-519", "PrincipalType": "Group", "RightName": "WriteDacl", "IsInherited": false}, {"PrincipalSID": "S-1-5-21-1338289034-4095587347-713453443-519", "PrincipalType": "Group", "RightName": "WriteProperty", "IsInherited": false}, {"PrincipalSID": "S-1-5-21-1338289034-4095587347-713453443-519", "PrincipalType": "Group", "RightName": "Enroll", "IsInherited": false}], "cas_ids": null}, {"Properties": {"name": "ENROLLMENTAGENTOFFLINE@NORTHPOLE.LOCAL", "highvalue": false, "Template Name": "EnrollmentAgentOffline", "Display Name": "Exchange Enrollment Agent (Offline request)", "Enabled": false, "Client Authentication": false, "Enrollment Agent": true, "Any Purpose": false, "Enrollee Supplies Subject": true, "Certificate Name Flag": ["EnrolleeSuppliesSubject"], "Enrollment Flag": ["None"], "Private Key Flag": ["AttestNone"], "Extended Key Usage": ["Certificate Request Agent"], "Requires Manager Approval": false, "Requires Key Archival": false, "Authorized Signatures Required": 0, "Validity Period": "2 years", "Renewal Period": "6 weeks", "Minimum RSA Key Length": 2048, "domain": "NORTHPOLE.LOCAL"}, "ObjectIdentifier": "15aa48ef-24bf-47ca-bc15-1d1816740a7b", "Aces": [{"PrincipalSID": "S-1-5-21-1338289034-4095587347-713453443-519", "PrincipalType": "Group", "RightName": "Owns", "IsInherited": false}, {"PrincipalSID": "S-1-5-21-1338289034-4095587347-713453443-512", "PrincipalType": "Group", "RightName": "WriteOwner", "IsInherited": false}, {"PrincipalSID": "S-1-5-21-1338289034-4095587347-713453443-512", "PrincipalType": "Group", "RightName": "WriteDacl", "IsInherited": false}, {"PrincipalSID": "S-1-5-21-1338289034-4095587347-713453443-512", "PrincipalType": "Group", "RightName": "WriteProperty", "IsInherited": false}, {"PrincipalSID": "S-1-5-21-1338289034-4095587347-713453443-512", "PrincipalType": "Group", "RightName": "Enroll", "IsInherited": false}, {"PrincipalSID": "S-1-5-21-1338289034-4095587347-713453443-519", "PrincipalType": "Group", "RightName": "WriteOwner", "IsInherited": false}, {"PrincipalSID": "S-1-5-21-1338289034-4095587347-713453443-519", "PrincipalType": "Group", "RightName": "WriteDacl", "IsInherited": false}, {"PrincipalSID": "S-1-5-21-1338289034-4095587347-713453443-519", "PrincipalType": "Group", "RightName": "WriteProperty", "IsInherited": false}, {"PrincipalSID": "S-1-5-21-1338289034-4095587347-713453443-519", "PrincipalType": "Group", "RightName": "Enroll", "IsInherited": false}], "cas_ids": null}, {"Properties": {"name": "ENROLLMENTAGENT@NORTHPOLE.LOCAL", "highvalue": false, "Template Name": "EnrollmentAgent", "Display Name": "Enrollment Agent", "Enabled": false, "Client Authentication": false, "Enrollment Agent": true, "Any Purpose": false, "Enrollee Supplies Subject": false, "Certificate Name Flag": ["SubjectRequireDirectoryPath", "SubjectAltRequireUpn"], "Enrollment Flag": ["AutoEnrollment"], "Private Key Flag": ["AttestNone"], "Extended Key Usage": ["Certificate Request Agent"], "Requires Manager Approval": false, "Requires Key Archival": false, "Authorized Signatures Required": 0, "Validity Period": "2 years", "Renewal Period": "6 weeks", "Minimum RSA Key Length": 2048, "domain": "NORTHPOLE.LOCAL"}, "ObjectIdentifier": "c86d4e2f-5f25-4caa-818e-f887b9ccd8ca", "Aces": [{"PrincipalSID": "S-1-5-21-1338289034-4095587347-713453443-519", "PrincipalType": "Group", "RightName": "Owns", "IsInherited": false}, {"PrincipalSID": "S-1-5-21-1338289034-4095587347-713453443-512", "PrincipalType": "Group", "RightName": "WriteOwner", "IsInherited": false}, {"PrincipalSID": "S-1-5-21-1338289034-4095587347-713453443-512", "PrincipalType": "Group", "RightName": "WriteDacl", "IsInherited": false}, {"PrincipalSID": "S-1-5-21-1338289034-4095587347-713453443-512", "PrincipalType": "Group", "RightName": "WriteProperty", "IsInherited": false}, {"PrincipalSID": "S-1-5-21-1338289034-4095587347-713453443-512", "PrincipalType": "Group", "RightName": "Enroll", "IsInherited": false}, {"PrincipalSID": "S-1-5-21-1338289034-4095587347-713453443-519", "PrincipalType": "Group", "RightName": "WriteOwner", "IsInherited": false}, {"PrincipalSID": "S-1-5-21-1338289034-4095587347-713453443-519", "PrincipalType": "Group", "RightName": "WriteDacl", "IsInherited": false}, {"PrincipalSID": "S-1-5-21-1338289034-4095587347-713453443-519", "PrincipalType": "Group", "RightName": "WriteProperty", "IsInherited": false}, {"PrincipalSID": "S-1-5-21-1338289034-4095587347-713453443-519", "PrincipalType": "Group", "RightName": "Enroll", "IsInherited": false}], "cas_ids": null}, {"Properties": {"name": "CTLSIGNING@NORTHPOLE.LOCAL", "highvalue": false, "Template Name": "CTLSigning", "Display Name": "Trust List Signing", "Enabled": false, "Client Authentication": false, "Enrollment Agent": false, "Any Purpose": false, "Enrollee Supplies Subject": false, "Certificate Name Flag": ["SubjectRequireDirectoryPath", "SubjectAltRequireUpn"], "Enrollment Flag": ["AutoEnrollment"], "Private Key Flag": ["AttestNone"], "Extended Key Usage": ["Microsoft Trust List Signing"], "Requires Manager Approval": false, "Requires Key Archival": false, "Authorized Signatures Required": 0, "Validity Period": "1 year", "Renewal Period": "6 weeks", "Minimum RSA Key Length": 2048, "domain": "NORTHPOLE.LOCAL"}, "ObjectIdentifier": "cbcee8fc-d24b-48d2-a571-b108b47c3aae", "Aces": [{"PrincipalSID": "S-1-5-21-1338289034-4095587347-713453443-519", "PrincipalType": "Group", "RightName": "Owns", "IsInherited": false}, {"PrincipalSID": "S-1-5-21-1338289034-4095587347-713453443-512", "PrincipalType": "Group", "RightName": "WriteOwner", "IsInherited": false}, {"PrincipalSID": "S-1-5-21-1338289034-4095587347-713453443-512", "PrincipalType": "Group", "RightName": "WriteDacl", "IsInherited": false}, {"PrincipalSID": "S-1-5-21-1338289034-4095587347-713453443-512", "PrincipalType": "Group", "RightName": "WriteProperty", "IsInherited": false}, {"PrincipalSID": "S-1-5-21-1338289034-4095587347-713453443-512", "PrincipalType": "Group", "RightName": "Enroll", "IsInherited": false}, {"PrincipalSID": "S-1-5-21-1338289034-4095587347-713453443-519", "PrincipalType": "Group", "RightName": "WriteOwner", "IsInherited": false}, {"PrincipalSID": "S-1-5-21-1338289034-4095587347-713453443-519", "PrincipalType": "Group", "RightName": "WriteDacl", "IsInherited": false}, {"PrincipalSID": "S-1-5-21-1338289034-4095587347-713453443-519", "PrincipalType": "Group", "RightName": "WriteProperty", "IsInherited": false}, {"PrincipalSID": "S-1-5-21-1338289034-4095587347-713453443-519", "PrincipalType": "Group", "RightName": "Enroll", "IsInherited": false}], "cas_ids": null}, {"Properties": {"name": "CODESIGNING@NORTHPOLE.LOCAL", "highvalue": false, "Template Name": "CodeSigning", "Display Name": "Code Signing", "Enabled": false, "Client Authentication": false, "Enrollment Agent": false, "Any Purpose": false, "Enrollee Supplies Subject": false, "Certificate Name Flag": ["SubjectRequireDirectoryPath", "SubjectAltRequireUpn"], "Enrollment Flag": ["AutoEnrollment"], "Private Key Flag": ["AttestNone"], "Extended Key Usage": ["Code Signing"], "Requires Manager Approval": false, "Requires Key Archival": false, "Authorized Signatures Required": 0, "Validity Period": "1 year", "Renewal Period": "6 weeks", "Minimum RSA Key Length": 2048, "domain": "NORTHPOLE.LOCAL"}, "ObjectIdentifier": "a34fbefc-ada0-42ec-96e2-3c658f292c6e", "Aces": [{"PrincipalSID": "S-1-5-21-1338289034-4095587347-713453443-519", "PrincipalType": "Group", "RightName": "Owns", "IsInherited": false}, {"PrincipalSID": "S-1-5-21-1338289034-4095587347-713453443-512", "PrincipalType": "Group", "RightName": "WriteOwner", "IsInherited": false}, {"PrincipalSID": "S-1-5-21-1338289034-4095587347-713453443-512", "PrincipalType": "Group", "RightName": "WriteDacl", "IsInherited": false}, {"PrincipalSID": "S-1-5-21-1338289034-4095587347-713453443-512", "PrincipalType": "Group", "RightName": "WriteProperty", "IsInherited": false}, {"PrincipalSID": "S-1-5-21-1338289034-4095587347-713453443-512", "PrincipalType": "Group", "RightName": "Enroll", "IsInherited": false}, {"PrincipalSID": "S-1-5-21-1338289034-4095587347-713453443-519", "PrincipalType": "Group", "RightName": "WriteOwner", "IsInherited": false}, {"PrincipalSID": "S-1-5-21-1338289034-4095587347-713453443-519", "PrincipalType": "Group", "RightName": "WriteDacl", "IsInherited": false}, {"PrincipalSID": "S-1-5-21-1338289034-4095587347-713453443-519", "PrincipalType": "Group", "RightName": "WriteProperty", "IsInherited": false}, {"PrincipalSID": "S-1-5-21-1338289034-4095587347-713453443-519", "PrincipalType": "Group", "RightName": "Enroll", "IsInherited": false}], "cas_ids": null}, {"Properties": {"name": "EFSRECOVERY@NORTHPOLE.LOCAL", "highvalue": false, "Template Name": "EFSRecovery", "Display Name": "EFS Recovery Agent", "Certificate Authorities": ["northpole-npdc01-CA"], "Enabled": true, "Client Authentication": false, "Enrollment Agent": false, "Any Purpose": false, "Enrollee Supplies Subject": false, "Certificate Name Flag": ["SubjectRequireDirectoryPath", "SubjectAltRequireUpn"], "Enrollment Flag": ["AutoEnrollment", "IncludeSymmetricAlgorithms"], "Private Key Flag": ["ExportableKey"], "Extended Key Usage": ["File Recovery"], "Requires Manager Approval": false, "Requires Key Archival": false, "Authorized Signatures Required": 0, "Validity Period": "5 years", "Renewal Period": "6 weeks", "Minimum RSA Key Length": 2048, "domain": "NORTHPOLE.LOCAL"}, "ObjectIdentifier": "8c1f75d9-4ab1-4319-8917-621a5dcc4adb", "Aces": [{"PrincipalSID": "S-1-5-21-1338289034-4095587347-713453443-519", "PrincipalType": "Group", "RightName": "Owns", "IsInherited": false}, {"PrincipalSID": "S-1-5-21-1338289034-4095587347-713453443-512", "PrincipalType": "Group", "RightName": "WriteOwner", "IsInherited": false}, {"PrincipalSID": "S-1-5-21-1338289034-4095587347-713453443-512", "PrincipalType": "Group", "RightName": "WriteDacl", "IsInherited": false}, {"PrincipalSID": "S-1-5-21-1338289034-4095587347-713453443-512", "PrincipalType": "Group", "RightName": "WriteProperty", "IsInherited": false}, {"PrincipalSID": "S-1-5-21-1338289034-4095587347-713453443-512", "PrincipalType": "Group", "RightName": "Enroll", "IsInherited": false}, {"PrincipalSID": "S-1-5-21-1338289034-4095587347-713453443-519", "PrincipalType": "Group", "RightName": "WriteOwner", "IsInherited": false}, {"PrincipalSID": "S-1-5-21-1338289034-4095587347-713453443-519", "PrincipalType": "Group", "RightName": "WriteDacl", "IsInherited": false}, {"PrincipalSID": "S-1-5-21-1338289034-4095587347-713453443-519", "PrincipalType": "Group", "RightName": "WriteProperty", "IsInherited": false}, {"PrincipalSID": "S-1-5-21-1338289034-4095587347-713453443-519", "PrincipalType": "Group", "RightName": "Enroll", "IsInherited": false}], "cas_ids": ["fc373839-59df-4155-bcf1-db562544a7e6"]}, {"Properties": {"name": "ADMINISTRATOR@NORTHPOLE.LOCAL", "highvalue": false, "Template Name": "Administrator", "Display Name": "Administrator", "Certificate Authorities": ["northpole-npdc01-CA"], "Enabled": true, "Client Authentication": true, "Enrollment Agent": false, "Any Purpose": false, "Enrollee Supplies Subject": false, "Certificate Name Flag": ["SubjectRequireDirectoryPath", "SubjectRequireEmail", "SubjectAltRequireEmail", "SubjectAltRequireUpn"], "Enrollment Flag": ["AutoEnrollment", "PublishToDs", "IncludeSymmetricAlgorithms"], "Private Key Flag": ["ExportableKey"], "Extended Key Usage": ["Microsoft Trust List Signing", "Encrypting File System", "Secure Email", "Client Authentication"], "Requires Manager Approval": false, "Requires Key Archival": false, "Authorized Signatures Required": 0, "Validity Period": "1 year", "Renewal Period": "6 weeks", "Minimum RSA Key Length": 2048, "domain": "NORTHPOLE.LOCAL"}, "ObjectIdentifier": "fb283795-42c4-4af2-97af-0b464a753754", "Aces": [{"PrincipalSID": "S-1-5-21-1338289034-4095587347-713453443-519", "PrincipalType": "Group", "RightName": "Owns", "IsInherited": false}, {"PrincipalSID": "S-1-5-21-1338289034-4095587347-713453443-512", "PrincipalType": "Group", "RightName": "WriteOwner", "IsInherited": false}, {"PrincipalSID": "S-1-5-21-1338289034-4095587347-713453443-512", "PrincipalType": "Group", "RightName": "WriteDacl", "IsInherited": false}, {"PrincipalSID": "S-1-5-21-1338289034-4095587347-713453443-512", "PrincipalType": "Group", "RightName": "WriteProperty", "IsInherited": false}, {"PrincipalSID": "S-1-5-21-1338289034-4095587347-713453443-512", "PrincipalType": "Group", "RightName": "Enroll", "IsInherited": false}, {"PrincipalSID": "S-1-5-21-1338289034-4095587347-713453443-519", "PrincipalType": "Group", "RightName": "WriteOwner", "IsInherited": false}, {"PrincipalSID": "S-1-5-21-1338289034-4095587347-713453443-519", "PrincipalType": "Group", "RightName": "WriteDacl", "IsInherited": false}, {"PrincipalSID": "S-1-5-21-1338289034-4095587347-713453443-519", "PrincipalType": "Group", "RightName": "WriteProperty", "IsInherited": false}, {"PrincipalSID": "S-1-5-21-1338289034-4095587347-713453443-519", "PrincipalType": "Group", "RightName": "Enroll", "IsInherited": false}], "cas_ids": ["fc373839-59df-4155-bcf1-db562544a7e6"]}, {"Properties": {"name": "EFS@NORTHPOLE.LOCAL", "highvalue": false, "Template Name": "EFS", "Display Name": "Basic EFS", "Certificate Authorities": ["northpole-npdc01-CA"], "Enabled": true, "Client Authentication": false, "Enrollment Agent": false, "Any Purpose": false, "Enrollee Supplies Subject": false, "Certificate Name Flag": ["SubjectRequireDirectoryPath", "SubjectAltRequireUpn"], "Enrollment Flag": ["AutoEnrollment", "PublishToDs", "IncludeSymmetricAlgorithms"], "Private Key Flag": ["ExportableKey"], "Extended Key Usage": ["Encrypting File System"], "Requires Manager Approval": false, "Requires Key Archival": false, "Authorized Signatures Required": 0, "Validity Period": "1 year", "Renewal Period": "6 weeks", "Minimum RSA Key Length": 2048, "domain": "NORTHPOLE.LOCAL"}, "ObjectIdentifier": "d938ab18-78fb-4269-8f08-7c7e68b21aa2", "Aces": [{"PrincipalSID": "S-1-5-21-1338289034-4095587347-713453443-519", "PrincipalType": "Group", "RightName": "Owns", "IsInherited": false}, {"PrincipalSID": "S-1-5-21-1338289034-4095587347-713453443-512", "PrincipalType": "Group", "RightName": "WriteOwner", "IsInherited": false}, {"PrincipalSID": "S-1-5-21-1338289034-4095587347-713453443-512", "PrincipalType": "Group", "RightName": "WriteDacl", "IsInherited": false}, {"PrincipalSID": "S-1-5-21-1338289034-4095587347-713453443-512", "PrincipalType": "Group", "RightName": "WriteProperty", "IsInherited": false}, {"PrincipalSID": "S-1-5-21-1338289034-4095587347-713453443-512", "PrincipalType": "Group", "RightName": "Enroll", "IsInherited": false}, {"PrincipalSID": "S-1-5-21-1338289034-4095587347-713453443-513", "PrincipalType": "Group", "RightName": "Enroll", "IsInherited": false}, {"PrincipalSID": "S-1-5-21-1338289034-4095587347-713453443-519", "PrincipalType": "Group", "RightName": "WriteOwner", "IsInherited": false}, {"PrincipalSID": "S-1-5-21-1338289034-4095587347-713453443-519", "PrincipalType": "Group", "RightName": "WriteDacl", "IsInherited": false}, {"PrincipalSID": "S-1-5-21-1338289034-4095587347-713453443-519", "PrincipalType": "Group", "RightName": "WriteProperty", "IsInherited": false}, {"PrincipalSID": "S-1-5-21-1338289034-4095587347-713453443-519", "PrincipalType": "Group", "RightName": "Enroll", "IsInherited": false}], "cas_ids": ["fc373839-59df-4155-bcf1-db562544a7e6"]}, {"Properties": {"name": "SMARTCARDLOGON@NORTHPOLE.LOCAL", "highvalue": false, "Template Name": "SmartcardLogon", "Display Name": "Smartcard Logon", "Enabled": false, "Client Authentication": true, "Enrollment Agent": false, "Any Purpose": false, "Enrollee Supplies Subject": false, "Certificate Name Flag": ["SubjectRequireDirectoryPath", "SubjectAltRequireUpn"], "Enrollment Flag": ["None"], "Private Key Flag": ["AttestNone"], "Extended Key Usage": ["Client Authentication", "Smart Card Logon"], "Requires Manager Approval": false, "Requires Key Archival": false, "Authorized Signatures Required": 0, "Validity Period": "1 year", "Renewal Period": "6 weeks", "Minimum RSA Key Length": 2048, "domain": "NORTHPOLE.LOCAL"}, "ObjectIdentifier": "aef8fc61-3768-4a01-acf8-b8885966d146", "Aces": [{"PrincipalSID": "S-1-5-21-1338289034-4095587347-713453443-519", "PrincipalType": "Group", "RightName": "Owns", "IsInherited": false}, {"PrincipalSID": "S-1-5-21-1338289034-4095587347-713453443-512", "PrincipalType": "Group", "RightName": "WriteOwner", "IsInherited": false}, {"PrincipalSID": "S-1-5-21-1338289034-4095587347-713453443-512", "PrincipalType": "Group", "RightName": "WriteDacl", "IsInherited": false}, {"PrincipalSID": "S-1-5-21-1338289034-4095587347-713453443-512", "PrincipalType": "Group", "RightName": "WriteProperty", "IsInherited": false}, {"PrincipalSID": "S-1-5-21-1338289034-4095587347-713453443-512", "PrincipalType": "Group", "RightName": "Enroll", "IsInherited": false}, {"PrincipalSID": "S-1-5-21-1338289034-4095587347-713453443-519", "PrincipalType": "Group", "RightName": "WriteOwner", "IsInherited": false}, {"PrincipalSID": "S-1-5-21-1338289034-4095587347-713453443-519", "PrincipalType": "Group", "RightName": "WriteDacl", "IsInherited": false}, {"PrincipalSID": "S-1-5-21-1338289034-4095587347-713453443-519", "PrincipalType": "Group", "RightName": "WriteProperty", "IsInherited": false}, {"PrincipalSID": "S-1-5-21-1338289034-4095587347-713453443-519", "PrincipalType": "Group", "RightName": "Enroll", "IsInherited": false}], "cas_ids": null}, {"Properties": {"name": "CLIENTAUTH@NORTHPOLE.LOCAL", "highvalue": false, "Template Name": "ClientAuth", "Display Name": "Authenticated Session", "Enabled": false, "Client Authentication": true, "Enrollment Agent": false, "Any Purpose": false, "Enrollee Supplies Subject": false, "Certificate Name Flag": ["SubjectRequireDirectoryPath", "SubjectAltRequireUpn"], "Enrollment Flag": ["AutoEnrollment"], "Private Key Flag": ["AttestNone"], "Extended Key Usage": ["Client Authentication"], "Requires Manager Approval": false, "Requires Key Archival": false, "Authorized Signatures Required": 0, "Validity Period": "1 year", "Renewal Period": "6 weeks", "Minimum RSA Key Length": 2048, "domain": "NORTHPOLE.LOCAL"}, "ObjectIdentifier": "08a4eed0-3d4b-47b4-9416-dfafa71ee7e9", "Aces": [{"PrincipalSID": "S-1-5-21-1338289034-4095587347-713453443-519", "PrincipalType": "Group", "RightName": "Owns", "IsInherited": false}, {"PrincipalSID": "S-1-5-21-1338289034-4095587347-713453443-512", "PrincipalType": "Group", "RightName": "WriteOwner", "IsInherited": false}, {"PrincipalSID": "S-1-5-21-1338289034-4095587347-713453443-512", "PrincipalType": "Group", "RightName": "WriteDacl", "IsInherited": false}, {"PrincipalSID": "S-1-5-21-1338289034-4095587347-713453443-512", "PrincipalType": "Group", "RightName": "WriteProperty", "IsInherited": false}, {"PrincipalSID": "S-1-5-21-1338289034-4095587347-713453443-512", "PrincipalType": "Group", "RightName": "Enroll", "IsInherited": false}, {"PrincipalSID": "S-1-5-21-1338289034-4095587347-713453443-513", "PrincipalType": "Group", "RightName": "Enroll", "IsInherited": false}, {"PrincipalSID": "S-1-5-21-1338289034-4095587347-713453443-519", "PrincipalType": "Group", "RightName": "WriteOwner", "IsInherited": false}, {"PrincipalSID": "S-1-5-21-1338289034-4095587347-713453443-519", "PrincipalType": "Group", "RightName": "WriteDacl", "IsInherited": false}, {"PrincipalSID": "S-1-5-21-1338289034-4095587347-713453443-519", "PrincipalType": "Group", "RightName": "WriteProperty", "IsInherited": false}, {"PrincipalSID": "S-1-5-21-1338289034-4095587347-713453443-519", "PrincipalType": "Group", "RightName": "Enroll", "IsInherited": false}], "cas_ids": null}, {"Properties": {"name": "SMARTCARDUSER@NORTHPOLE.LOCAL", "highvalue": false, "Template Name": "SmartcardUser", "Display Name": "Smartcard User", "Enabled": false, "Client Authentication": true, "Enrollment Agent": false, "Any Purpose": false, "Enrollee Supplies Subject": false, "Certificate Name Flag": ["SubjectRequireDirectoryPath", "SubjectRequireEmail", "SubjectAltRequireEmail", "SubjectAltRequireUpn"], "Enrollment Flag": ["PublishToDs", "IncludeSymmetricAlgorithms"], "Private Key Flag": ["AttestNone"], "Extended Key Usage": ["Secure Email", "Client Authentication", "Smart Card Logon"], "Requires Manager Approval": false, "Requires Key Archival": false, "Authorized Signatures Required": 0, "Validity Period": "1 year", "Renewal Period": "6 weeks", "Minimum RSA Key Length": 2048, "domain": "NORTHPOLE.LOCAL"}, "ObjectIdentifier": "69be1f57-09e8-46bb-ac25-2b5d10b1b1dc", "Aces": [{"PrincipalSID": "S-1-5-21-1338289034-4095587347-713453443-519", "PrincipalType": "Group", "RightName": "Owns", "IsInherited": false}, {"PrincipalSID": "S-1-5-21-1338289034-4095587347-713453443-512", "PrincipalType": "Group", "RightName": "WriteOwner", "IsInherited": false}, {"PrincipalSID": "S-1-5-21-1338289034-4095587347-713453443-512", "PrincipalType": "Group", "RightName": "WriteDacl", "IsInherited": false}, {"PrincipalSID": "S-1-5-21-1338289034-4095587347-713453443-512", "PrincipalType": "Group", "RightName": "WriteProperty", "IsInherited": false}, {"PrincipalSID": "S-1-5-21-1338289034-4095587347-713453443-512", "PrincipalType": "Group", "RightName": "Enroll", "IsInherited": false}, {"PrincipalSID": "S-1-5-21-1338289034-4095587347-713453443-519", "PrincipalType": "Group", "RightName": "WriteOwner", "IsInherited": false}, {"PrincipalSID": "S-1-5-21-1338289034-4095587347-713453443-519", "PrincipalType": "Group", "RightName": "WriteDacl", "IsInherited": false}, {"PrincipalSID": "S-1-5-21-1338289034-4095587347-713453443-519", "PrincipalType": "Group", "RightName": "WriteProperty", "IsInherited": false}, {"PrincipalSID": "S-1-5-21-1338289034-4095587347-713453443-519", "PrincipalType": "Group", "RightName": "Enroll", "IsInherited": false}], "cas_ids": null}, {"Properties": {"name": "USERSIGNATURE@NORTHPOLE.LOCAL", "highvalue": false, "Template Name": "UserSignature", "Display Name": "User Signature Only", "Enabled": false, "Client Authentication": true, "Enrollment Agent": false, "Any Purpose": false, "Enrollee Supplies Subject": false, "Certificate Name Flag": ["SubjectRequireDirectoryPath", "SubjectRequireEmail", "SubjectAltRequireEmail", "SubjectAltRequireUpn"], "Enrollment Flag": ["AutoEnrollment"], "Private Key Flag": ["AttestNone"], "Extended Key Usage": ["Secure Email", "Client Authentication"], "Requires Manager Approval": false, "Requires Key Archival": false, "Authorized Signatures Required": 0, "Validity Period": "1 year", "Renewal Period": "6 weeks", "Minimum RSA Key Length": 2048, "domain": "NORTHPOLE.LOCAL"}, "ObjectIdentifier": "528c41bf-2c2c-48b5-9009-014ec2cb41df", "Aces": [{"PrincipalSID": "S-1-5-21-1338289034-4095587347-713453443-519", "PrincipalType": "Group", "RightName": "Owns", "IsInherited": false}, {"PrincipalSID": "S-1-5-21-1338289034-4095587347-713453443-512", "PrincipalType": "Group", "RightName": "WriteOwner", "IsInherited": false}, {"PrincipalSID": "S-1-5-21-1338289034-4095587347-713453443-512", "PrincipalType": "Group", "RightName": "WriteDacl", "IsInherited": false}, {"PrincipalSID": "S-1-5-21-1338289034-4095587347-713453443-512", "PrincipalType": "Group", "RightName": "WriteProperty", "IsInherited": false}, {"PrincipalSID": "S-1-5-21-1338289034-4095587347-713453443-512", "PrincipalType": "Group", "RightName": "Enroll", "IsInherited": false}, {"PrincipalSID": "S-1-5-21-1338289034-4095587347-713453443-513", "PrincipalType": "Group", "RightName": "Enroll", "IsInherited": false}, {"PrincipalSID": "S-1-5-21-1338289034-4095587347-713453443-519", "PrincipalType": "Group", "RightName": "WriteOwner", "IsInherited": false}, {"PrincipalSID": "S-1-5-21-1338289034-4095587347-713453443-519", "PrincipalType": "Group", "RightName": "WriteDacl", "IsInherited": false}, {"PrincipalSID": "S-1-5-21-1338289034-4095587347-713453443-519", "PrincipalType": "Group", "RightName": "WriteProperty", "IsInherited": false}, {"PrincipalSID": "S-1-5-21-1338289034-4095587347-713453443-519", "PrincipalType": "Group", "RightName": "Enroll", "IsInherited": false}], "cas_ids": null}, {"Properties": {"name": "USER@NORTHPOLE.LOCAL", "highvalue": false, "Template Name": "User", "Display Name": "User", "Certificate Authorities": ["northpole-npdc01-CA"], "Enabled": true, "Client Authentication": true, "Enrollment Agent": false, "Any Purpose": false, "Enrollee Supplies Subject": false, "Certificate Name Flag": ["SubjectRequireDirectoryPath", "SubjectRequireEmail", "SubjectAltRequireEmail", "SubjectAltRequireUpn"], "Enrollment Flag": ["AutoEnrollment", "PublishToDs", "IncludeSymmetricAlgorithms"], "Private Key Flag": ["ExportableKey"], "Extended Key Usage": ["Encrypting File System", "Secure Email", "Client Authentication"], "Requires Manager Approval": false, "Requires Key Archival": false, "Authorized Signatures Required": 0, "Validity Period": "1 year", "Renewal Period": "6 weeks", "Minimum RSA Key Length": 2048, "domain": "NORTHPOLE.LOCAL"}, "ObjectIdentifier": "155b8e2c-c8a4-4d1c-a7fe-d3673b54e826", "Aces": [{"PrincipalSID": "S-1-5-21-1338289034-4095587347-713453443-519", "PrincipalType": "Group", "RightName": "Owns", "IsInherited": false}, {"PrincipalSID": "S-1-5-21-1338289034-4095587347-713453443-512", "PrincipalType": "Group", "RightName": "WriteOwner", "IsInherited": false}, {"PrincipalSID": "S-1-5-21-1338289034-4095587347-713453443-512", "PrincipalType": "Group", "RightName": "WriteDacl", "IsInherited": false}, {"PrincipalSID": "S-1-5-21-1338289034-4095587347-713453443-512", "PrincipalType": "Group", "RightName": "WriteProperty", "IsInherited": false}, {"PrincipalSID": "S-1-5-21-1338289034-4095587347-713453443-512", "PrincipalType": "Group", "RightName": "Enroll", "IsInherited": false}, {"PrincipalSID": "S-1-5-21-1338289034-4095587347-713453443-513", "PrincipalType": "Group", "RightName": "Enroll", "IsInherited": false}, {"PrincipalSID": "S-1-5-21-1338289034-4095587347-713453443-519", "PrincipalType": "Group", "RightName": "WriteOwner", "IsInherited": false}, {"PrincipalSID": "S-1-5-21-1338289034-4095587347-713453443-519", "PrincipalType": "Group", "RightName": "WriteDacl", "IsInherited": false}, {"PrincipalSID": "S-1-5-21-1338289034-4095587347-713453443-519", "PrincipalType": "Group", "RightName": "WriteProperty", "IsInherited": false}, {"PrincipalSID": "S-1-5-21-1338289034-4095587347-713453443-519", "PrincipalType": "Group", "RightName": "Enroll", "IsInherited": false}], "cas_ids": ["fc373839-59df-4155-bcf1-db562544a7e6"]}], "meta": {"count": 34, "type": "templates", "version": 4}}